id,title,published_on,source,url,categories,tags,lang,source_name,body,body_length,has_image,imageurl,upvotes,downvotes
53097147,"Ethereum Technical Roadmap Suggests $6,000+ Upside After Flash Crash Low",2025-10-21 19:45:57,investing_comcryptoopinionandanalysis,https://www.investing.com/analysis/ethereum-technical-roadmap-suggests-6000-upside-after-flash-crash-low-200668435,ETH|TRADING|CRYPTOCURRENCY,,EN,Investing.Com Crypto Opinion and Analysis,,0,Yes,https://resources.cryptocompare.com/news/107/default.png,0,0
53457355,5 Best Cryptos in 2025 ‚Äì Could This Top Meme Coin Presale to Join Now Outrun the Market‚Äôs Big Names?,2025-10-21 19:45:00,timestabloid,https://timestabloid.com/5-best-cryptos-in-2025-could-this-top-meme-coin-presale/,BUSINESS|MARKET|TRADING|ZRX|CRYPTOCURRENCY,Finance|News,EN,TimesTabloid,"The top meme coin presale to join now is capturing the attention of crypto investors seeking high returns in 2025. MoonBull ($MOBU), Useless Coin (USELESS), Notcoin (NOT), BullZilla (BZIL), and La Culex (CULEX) are all emerging as strong contenders in the meme coin space. Early movers are closely watching token metrics, adoption trends, and potential for exponential growth. The momentum around these coins is building rapidly as social chatter, market activity, and strategic tokenomics signal their readiness for a breakout. MoonBull ($MOBU) stands out with its live presale, offering a first-come, first-served chance to accumulate tokens before a surge. 1. MoonBull ($MOBU): Top Meme Coin Presale to Join Now MoonBull ($MOBU) is an Ethereum-based meme coin focused on community-driven growth and wide adoption. Its token distribution is designed for transparency and long-term sustainability. MoonBull‚Äôs referral system turns community engagement into tangible rewards. Every time a referral code is used, the referrer receives 15% of the purchase in $MOBU, while the new participant gains 15% extra tokens. With 8.05 billion $MOBU (11% of total supply) allocated, the system ensures fairness, transparency, and scalability, making the top meme coin presale to join now . MoonBull leverages Ethereum‚Äôs ERC-20 standard to ensure security, deep liquidity, and seamless integration with wallets and decentralized exchanges. By building on Ethereum, MoonBull positions itself to scale efficiently, integrate with governance frameworks, and remain accessible across major DeFi platforms, making it a standout investment opportunity. Investor Confidence Grows as MoonBull Tops $450K in Stage 5 MoonBull (MOBU) continues to impress through Stage 5, with its price at $0.00006584 and total funds raised surpassing $450K. Over 1,400 investors have joined, and projections to the $0.00616 listing price suggest an ROI exceeding 9,256%. Early buyers have already realized 163.36% gains, while the next 27.40% price rise keeps momentum strong across the presale. 2. Useless Coin ($USELESS) USELESS Coin is rapidly gaining attention due to community-driven adoption and consistent social engagement metrics. Its smart contract ensures seamless transactions with low fees, making it accessible for both new investors and seasoned traders. Why did this coin make it to this list? Its potential for strategic integrations, combined with a growing online presence, signals that USELESS could join the ranks of meme coins to watch 2025. 3. BullZilla ($BZIL) BullZilla ($BZIL) focuses on high-speed transactions and token scarcity mechanisms to create value over time. Community engagement through gamified campaigns encourages participation and retention. Why did this coin make it to this list? BZIL‚Äôs sustainable growth plan and active developer involvement place it among the most promising meme coins for the upcoming year. 4. La Culex ($CULEX) La Culex ($CULEX) emphasizes community interaction and unique reward structures. Its roadmap highlights growth in adoption and cross-chain integrations. With a focus on accessibility and low-cost transfers, La Culex enhances user experience while retaining liquidity. Why did this coin make it to this list? Its transparent development updates and growing adoption base create a strong foundation for potential appreciation, making CULEX an essential inclusion for investors evaluating the next 100x crypto coins. 5. Notcoin ($NOT) Notcoin ($NOT) has captured investor attention through innovative social campaigns and unique branding. Its tokenomics are designed to foster stability while enabling moderate growth. Why did this coin make it to this list? Notcoin‚Äôs balanced approach to growth and security positions it as a viable choice among emerging meme coins, particularly for those seeking long-term involvement. Final Words The top meme coin presale to join now highlights MoonBull ($MOBU) as the leading presale opportunity, offering first-come, first-served access to potentially life-changing returns. With Ethereum-based security, referral rewards, and structured tokenomics, the presale ensures both growth potential and scalability. While USELESS, NOT, BZIL, and CULEX also show strong promise, MoonBull‚Äôs presale remains the standout entry point for strategic investors. For 2025, these coins collectively represent a diverse set of high-potential meme coins. Investors seeking to identify the next breakout token should prioritize MoonBull for immediate entry and monitor the remaining coins for strategic mid- and long-term positioning. For More Information: Website: Visit the Official MOBU Website Telegram: Join the MOBU Telegram Channel Twitter: Follow MOBU ON X (Formerly Twitter) Frequently Asked Questions About Top Meme Coin Presale to Join Now What is the best meme coin in presale? MoonBull is one of the leading meme coins in presale thanks to its early investor interest and strong community support. Which presale crypto is best? MoonBull stands out as a top presale crypto with a clear roadmap and high demand among early buyers. Which meme coin has 1000x potential? MoonBull is considered a strong contender for 1000x growth due to its viral hype and early-stage adoption. What is the hottest meme coin right now? MoonBull is gaining traction as the hottest meme coin currently, driven by presale momentum and social buzz. Which new meme coin is trending this month? MoonBull is trending among investors with rapid presale uptake and increasing community engagement. Glossary of Key Terms Presale: The initial fundraising stage of a cryptocurrency project where tokens are offered at discounted prices before public trading. Meme Coin: A crypto token inspired by internet culture and trends, often driven by community support and viral marketing. Referral System: A reward mechanism that incentivises users to invite others to participate in a presale or platform. Tokenomics: The structure governing a cryptocurrency‚Äôs supply, allocation, rewards, and economic model. Liquidity: The ability to buy or sell an asset quickly without major price fluctuations. DeFi (Decentralised Finance): Blockchain-based financial services that operate without central intermediaries like banks. Smart Contract: A self-executing code on the blockchain that automates transactions when conditions are met. Scalability: The ability of a blockchain or crypto project to handle increased transaction volume efficiently. Deflationary Token: A cryptocurrency designed to decrease supply over time, typically through burns or transaction fees. ERC-20 Standard: A technical standard on the Ethereum blockchain used for creating and managing tokens. Article Summary The top meme coin presale to join now features MoonBull ($MOBU) as the leading contender, backed by Ethereum security and a lucrative referral system offering 15% rewards to both referrers and buyers. With over $450K raised in Stage 5, MoonBull is gaining momentum as a 100x crypto opportunity. Alongside it, USELESS, NOT, BZIL, and CULEX are emerging as promising meme coins for 2025, each showcasing strong tokenomics, community engagement, and scalability. These projects collectively form a diverse mix of early-stage investments, blending innovation, meme appeal, and real utility for investors aiming to capitalise on next year‚Äôs crypto surge. Disclosure This is educational commentary, not investment advice. Presales and meme coins are volatile. Always verify official links and understand that high upside comes with high risk. Disclaimer: This is a sponsored press release for informational purposes only. It does not reflect the views of Times Tabloid, nor is it intended to be used as legal, tax, investment, or financial advice. Times Tabloid is not responsible for any financial losses. The post 5 Best Cryptos in 2025 ‚Äì Could This Top Meme Coin Presale to Join Now Outrun the Market‚Äôs Big Names? appeared first on Times Tabloid .",7954,Yes,https://resources.cryptocompare.com/news/67/default.png,0,0
53272542,Bitcoin Faces Macro Strain and Technical Headwinds ‚Äî Is a Fresh Low Coming?,2025-10-21 19:44:34,investing_comcryptoopinionandanalysis,https://www.investing.com/analysis/bitcoin-faces-macro-strain-and-technical-headwinds--is-a-fresh-low-coming-200668713,BTC|TRADING|CRYPTOCURRENCY,,EN,Investing.Com Crypto Opinion and Analysis,,0,Yes,https://resources.cryptocompare.com/news/107/default.png,0,0
53456040,Neon Labs Appoints Ivan Bjelajac as CEO to Lead Next Phase of Ethereum-Solana Scaling,2025-10-21 19:42:53,investing_comcryptonews,https://www.investing.com/news/cryptocurrency-news/neon-labs-appoints-ivan-bjelajac-as-ceo-to-lead-next-phase-of-ethereumsolana-scaling-4299176,BLOCKCHAIN,,EN,Investing.com Crypto News,,0,Yes,https://resources.cryptocompare.com/news/106/default.png,0,0
53226605,"Stablecoin Growth: Infrastructure First, Adoption Next",2025-10-21 19:42:25,investing_comcryptoopinionandanalysis,https://www.investing.com/analysis/stablecoin-growth-infrastructure-first-adoption-next-200668637,OTHER,,EN,Investing.Com Crypto Opinion and Analysis,,0,Yes,https://resources.cryptocompare.com/news/107/default.png,0,0
53457330,Brian Armstrong Burns $25M NFT to Force Up Only TV Comeback,2025-10-21 19:41:09,cryptopotato,https://cryptopotato.com/brian-armstrong-burns-25m-nft-to-force-up-only-tv-comeback/,EXCHANGE|MARKET|TRADING|ADMINISTRATIVE EVENTS|CRYPTOCURRENCY,AA News|Crypto News|Brian Armstrong,EN,Crypto Potato,"Coinbase CEO Brian Armstrong has spent $25 million to buy and burn a one-of-a-kind NFT that controls the return of Up Only TV, the cult-favorite crypto podcast hosted by Cobie and LedgerStatus. The symbolic burn immediately triggered excitement across Crypto Twitter, reigniting memories of the 2021 bull run that the show helped define. Armstrong Revives a Crypto Classic The story began on May 7, when Cobie, real name Jordan Fish, minted an NFT that he claimed would determine the fate of Up Only. The token, inscribed with ‚ÄúADMISSION: 1 SEASON OF UP ONLY TV,‚Äù gave its holder the power to ‚Äúcompel Cobie and LedgerStatus into performing eight episodes.‚Äù He wrote at the time, ‚ÄúWhen the NFT is burned, the podcast will restart. Until then, please leave me alone.‚Äù This week, Armstrong entered the picture, revealing that his company had bought the NFT. ‚ÄúThe rumors are true, we bought the NFT. @Up Only TV is coming back,‚Äù posted the Coinbase co-founder. While the exact price was not officially confirmed, on-chain data analyzed by commentators suggested a transaction worth 6,500 ETH, or approximately $25 million. Cobie, who had earlier resisted calls to revive the show, leaned into the moment with humor: ‚ÄúIt has been 3 years since UpOnly ended. I was in my 20s when it started, now I have grey hair,‚Äù he joked. ‚ÄúWe will rename it Unc Only and I will spend $25m on cosmetic surgery.‚Äù Crypto users across X reacted with excitement: ‚ÄúUpOnly spawned some of the best and funniest crypto lore,‚Äù wrote crypto researcher Aylo. ‚ÄúPretty sure every single active person on here will be tuning in.‚Äù Others, like Rhino, questioned whether the new season could live up to its past, noting that there aren‚Äôt anywhere near the level of interesting main characters that had been around in the last cycle. Cobie himself admitted that finding good guests could be challenging, mentioning possible appearances from Arthur Hayes and prediction market experts, but no confirmed list yet. Nostalgia and Market Timing The Up Only revival lands at a time when the crypto community could use a morale boost. Just last week, the market suffered a sharp downturn, with over $19 billion worth of leveraged positions liquidated following renewed U.S.‚ÄìChina trade tensions. Cobie used that collapse to remind traders about the risks of over-leverage, saying that ‚Äúfighting that feeling and avoiding the wipeouts is worth it in the end.‚Äù Still, the podcaster is tempering expectations, writing that the show‚Äôs return won‚Äôt magically ‚Äúbring back 2021 vibes.‚Äù However, going by the online comments, for much of the crypto community, even a short UpOnly reboot feels like a spark of optimism after months of market exhaustion. As one fan put it when Cobie announced he was putting down the mic: ‚ÄúOne more UpOnly season for my children. One more UpOnly for Satoshi.‚Äù At the same time, the relationship between Cobie and Coinbase will go beyond the company‚Äôs revival of the Up Only podcast, with the exchange announcing its acquisition of Echo, an early-stage crypto investment platform founded by Cobie. The deal is worth about $375 million, made up of cash and stock, and will be subject to purchase price adjustments. The post Brian Armstrong Burns $25M NFT to Force Up Only TV Comeback appeared first on CryptoPotato .",3294,Yes,https://resources.cryptocompare.com/news/27/53457330.jpeg,0,0
53172085,Bitcoin Turns Volatile as Rare Earth Strains Threaten the AI‚ÄìCrypto Supply Chain,2025-10-21 19:41:05,investing_comcryptoopinionandanalysis,https://www.investing.com/analysis/bitcoin-turns-volatile-as-rare-earth-strains-threaten-the-aicrypto-supply-chain-200668548,BTC|CRYPTOCURRENCY,,EN,Investing.Com Crypto Opinion and Analysis,,0,Yes,https://resources.cryptocompare.com/news/107/default.png,0,0
53456038,QANplatform Joins Blockchain for Europe to Boost EU‚Äôs Quantum Security,2025-10-21 19:40:41,investing_comcryptonews,https://www.investing.com/news/cryptocurrency-news/qanplatform-joins-blockchain-for-europe-to-boost-eus-quantum-security-4299177,BLOCKCHAIN,,EN,Investing.com Crypto News,,0,Yes,https://resources.cryptocompare.com/news/106/default.png,0,0
53457150,"Bitcoin Rally Stalls: Analyst Points to Weak Open Interest, CPI Pressure",2025-10-21 19:39:20,cryptopotato,https://cryptopotato.com/bitcoin-rally-stalls-analyst-points-to-weak-open-interest-cpi-pressure/,BTC|MARKET|TRADING|MACROECONOMICS|CRYPTOCURRENCY,AA News|Crypto News|Bitcoin (BTC) Price,EN,Crypto Potato,"Bitcoin (BTC) briefly rose to just under $112,000 on Monday before dropping back to about $107,700, suggesting that recent gains may be running out of steam. The move followed a weekend rebound from below $104,000, but analysts now warn that weak derivatives activity and upcoming U.S. inflation data could bring more turbulence. Short-Lived Uptick Reveals Market Fatigue At first, the price rise from $106,000 to nearly $112,000 seemed positive, but an assessment by analyst CryptoMe, shared on social media on October 21, shows that key market metrics tell a different story. According to the market technician, Open Interest, which reflects the total number of outstanding derivatives contracts, did not climb significantly during BTC‚Äôs price ascent. CryptoMe interpreted this as little appetite for opening new leveraged positions. Furthermore, the funding rate stayed below the neutral level of 0.01, and CME futures saw low volume, meaning traders weren‚Äôt willing to pay extra to keep long positions. ‚ÄúIn short, there wasn‚Äôt the aggressive liquidity inflow or position-opening enthusiasm we were hoping for,‚Äù wrote the analyst. This technical weakness comes at a sensitive time. On Friday, October 24, the latest U.S. Consumer Price Index (CPI) data will be released. All financial markets pay close attention to this inflation report, and in the past, it has caused big price swings in cryptocurrencies. A higher-than-expected figure could put a lot of downward pressure on Bitcoin, with the current market structure showing that buyers are mostly concentrated between $97,500 and $104,000, while the $100,000 level serves as an important psychological support. ‚ÄúThere‚Äôs visible demand in this range. But don‚Äôt forget, psychological supports are not very strong supports,‚Äù CryptoMe cautioned. Meanwhile, CoinGecko data shows that Bitcoin has dropped 2.5% in the last 24 hours and 4.6% in the past week. The flagship cryptocurrency is now worth 14.5% less than its all-time high recorded on October 6, when it exceeded $126,000. Market capitalization stands at roughly $2.15 trillion, with daily trading volume around $60 billion. Analysts Split on Next Move Given its recent performances, observers are divided over Bitcoin‚Äôs next direction. Dr. Profit recently told followers that ‚Äúbulls will be proven wrong,‚Äù predicting a drop below $101,000 soon, while veteran trader Bob Loukas warned that ‚Äúcomplacency here is dangerous‚Äù as Bitcoin enters a critical point in its four-year cycle. On the other hand, CryptoAmsterdam suggested in a post today that BTC has ‚Äúreclaimed the range low‚Äù and could still hold it as mid-term support, even though a deeper retrace is possible if that level breaks. On his part, Titan of Crypto noted that the monthly LMACD cross, still unconfirmed, could signal either a cycle top or the start of a bear phase. The post Bitcoin Rally Stalls: Analyst Points to Weak Open Interest, CPI Pressure appeared first on CryptoPotato .",2961,Yes,https://resources.cryptocompare.com/news/27/53457150.jpeg,0,0
53442965,"Bitcoin price today: dips below $109k as recovery stalls, ""Uptober"" cheer fizzles",2025-10-21 19:39:15,investing_comcryptonews,https://www.investing.com/news/cryptocurrency-news/bitcoin-price-today-sinks-to-107k-as-recovery-stalls-uptober-cheer-fizzles-4298242,BTC|TRADING|CRYPTOCURRENCY,,EN,Investing.com Crypto News,,0,Yes,https://resources.cryptocompare.com/news/106/default.png,0,0
53194243,Does Crypto Expand the Money Supply?,2025-10-21 19:38:53,investing_comcryptoopinionandanalysis,https://www.investing.com/analysis/does-crypto-expand-the-money-supply-200668594,OTHER,,EN,Investing.Com Crypto Opinion and Analysis,,0,Yes,https://resources.cryptocompare.com/news/107/default.png,0,0
53457147,ETH Price Nears $4K but This Metric Signals a Rally like in 2020,2025-10-21 19:38:50,cryptopotato,https://cryptopotato.com/eth-price-nears-4k-but-this-metric-signals-a-rally-like-in-2020/,ETH|EXCHANGE|MARKET|TRADING|CRYPTOCURRENCY,Crypto Bits|Crypto News|Ethereum (ETH) Price,EN,Crypto Potato,"Ethereum‚Äôs (ETH) recent price structure is drawing comparisons to its 2020 cycle. At the time of writing, ETH was priced at around $3,900, with a daily trading volume of $33.3 billion. The token has declined 4% in the last 24 hours and 3% over the past week. Price Sits Below Prior High Ethereum is trading just below its former peak, a level last tested before the 2020 rally. According to Cryptocium, the structure today looks nearly the same. In both periods, ETH paused at resistance after months of consolidation and later broke out with momentum. $ETH ‚Äì History Repeats Itself Ethereum might seem slow right now, but in reality, it‚Äôs forming the exact same price action we saw back in the 2020 cycle. ETH is sitting at its previous ATH level, while the RSI is retesting its bearish trendline. Same thing, different time, pic.twitter.com/v7YV7pvzNM ‚Äî Cryptocium (@Cryptocium_id) October 21, 2025 Notably, the current resistance area is around $4,000 to $4,100. Analysts have noted that ETH needs to close above this level to confirm any continued move. Until then, the price remains in a zone that has rejected attempts to climb higher. In addition, the Relative Strength Index (RSI) also follows a familiar path. During the 2020 move, RSI spent months under a trendline before breaking out just ahead of the rally. ETH is now testing a similar line again. Cryptocium described the setup as ‚Äú the same thing, different time ,‚Äù noting how the current RSI structure matches the previous one. If the RSI pushes through, it may suggest a shift in momentum. For now, traders are watching to see if the pattern holds. Traders Monitor $3,900‚Äì$4,100 Zone Javon Marks posted a chart showing Ethereum retesting the breakout zone near $3,900. He noted that a measured move from this setup could put ETH above $8,000 if the level holds. This type of projection uses the height of the previous range to estimate the next move. DaanCrypto said , ‚Äú You‚Äôd want to see some daily close above that point ,‚Äù referring to the $4,100 area. Other analysts added that a drop to $3,750 would open the door for long setups if a bounce follows. If not, the price may test lower ranges. Large Buyers Remain Active While price action has been mixed, institutional demand continues. BitMine Immersion Technologies made another Ether purchase this week. The company acquired $250 million worth of ETH from Bitgo and Kraken, as CryptoPotato reported . Funds also charted inflows. Ethereum-based products took in $205 million over the last week. A 2x leveraged ETP brought in $457 million, showing that large players are still positioning during this consolidation. The post ETH Price Nears $4K but This Metric Signals a Rally like in 2020 appeared first on CryptoPotato .",2745,Yes,https://resources.cryptocompare.com/news/27/53457147.jpeg,0,0
53171669,Bitcoin‚Äôs $10 Billion Shakeout: Healthy Rinse or Start of Deeper Pullback?,2025-10-21 19:37:30,investing_comcryptoopinionandanalysis,https://www.investing.com/analysis/bitcoins-10-billion-shakeout-a-healthy-rinse-or-the-start-of-a-deeper-pullback-200668552,BTC|CRYPTOCURRENCY,,EN,Investing.Com Crypto Opinion and Analysis,,0,Yes,https://resources.cryptocompare.com/news/107/default.png,0,0
53455185,"BitMEX Reduces Spot Fees by 50% and Introduces Maker Rebates, Paying Traders to Provide Liquidity",2025-10-21 19:37:05,investing_comcryptonews,https://www.investing.com/news/cryptocurrency-news/bitmex-reduces-spot-fees-by-50-and-introduces-maker-rebates-paying-traders-to-provide-liquidity-4299011,OTHER,,EN,Investing.com Crypto News,,0,Yes,https://resources.cryptocompare.com/news/106/default.png,0,0
53457093,In Just a Day BlackRock Transfers Bitcoin and Ethereum Worth $430M to Coinbase,2025-10-21 19:37:00,utoday,https://u.today/in-just-one-day-blackrock-transfers-bitcoin-and-ethereum-worth-430-million-to-coinbase,BTC|ETH|EXCHANGE|CRYPTOCURRENCY,BlackRock,EN,U.Today,"BlackRock shifted 2,854 BTC and 29,639 ETH worth half a billion dollars to Coinbase Prime in just a day, as nearly $1 billion in ETF outflows hit Bitcoin and Ethereum.",167,Yes,https://resources.cryptocompare.com/news/64/53457093.jpeg,0,0
52848213,Here‚Äôs what happened in crypto today,2025-10-21 19:35:42,cointelegraph,https://cointelegraph.com/news/what-happened-in-crypto-today?utm_source=rss_feed&utm_medium=rss&utm_campaign=rss_partner_inbound,BLOCKCHAIN|BTC|REGULATION|SOL|CRYPTOCURRENCY,Trump memecoin|Solana memecoin|TRUMP token|Solana|SOL|Nova Labs|SEC|Securities and Exchange Commission|Crypto regulation|TRUMP rally|Bitcoin,EN,Cointelegraph,"Need to know what happened in crypto today? Here is the latest news on daily trends and events impacting Bitcoin price, blockchain, DeFi, NFTs, Web3 and crypto regulation.",171,Yes,https://images.cryptocompare.com/news/default/cointelegraph.png,0,0
53457011,Moca Network launches AIR Shop to reward SK Planet users verified with AIR Identity,2025-10-21 19:35:42,investing_comcryptonews,https://www.investing.com/news/cryptocurrency-news/moca-network-launches-air-shop-to-reward-sk-planet-users-verified-with-air-identity-4299369,MINING,,EN,Investing.com Crypto News,,0,Yes,https://resources.cryptocompare.com/news/106/default.png,0,0
53085986,Bitcoin‚Äôs Rally Isn‚Äôt Done: Global Retail Hasn‚Äôt Even Shown Up Yet,2025-10-21 19:35:18,investing_comcryptoopinionandanalysis,https://www.investing.com/analysis/bitcoins-rally-isnt-done-global-retail-hasnt-even-shown-up-yet-200668414,BTC|TRADING|CRYPTOCURRENCY,,EN,Investing.Com Crypto Opinion and Analysis,,0,Yes,https://resources.cryptocompare.com/news/107/default.png,0,0
53456986,Visa Highlights Ripple‚Äôs RLUSD Alongside USDC & USDT In New Report,2025-10-21 19:35:01,timestabloid,https://timestabloid.com/visa-highlights-ripples-rlusd-alongside-usdc-usdt-in-new-report/,MARKET|USDT|RESEARCH|USDC|CRYPTOCURRENCY,Cryptocurrency|News|RLUSD|USDC|USDT|Visa,EN,TimesTabloid,"Stablecoins are no longer confined to payment rails; they are evolving into the financial backbone of next-generation lending. Visa‚Äôs latest research confirms this shift, illustrating how blockchain-based credit is transitioning from niche DeFi circles into mainstream institutional finance. The global payments giant‚Äôs newly released white paper signals a major milestone in the recognition of stablecoins as critical instruments for the future of global credit infrastructure. Visa‚Äôs Report Signals a New Era for On-Chain Lending Visa‚Äôs in-depth report , Stablecoins Beyond Payments: The On-Chain Lending Opportunity, explores how tokenized dollars are reshaping traditional credit systems. The company notes that the on-chain lending market has already originated more than $670 billion in stablecoin loans over the past five years, with borrowing volumes reaching around $51.7 billion monthly as of mid-2025. According to Visa, programmable stablecoins, those that integrate seamlessly with smart contracts, can unlock vast potential in lending, collateralization, and credit markets. Visa is now highlighting Ripple‚Äôs RLUSD alongside USDC & USDT in its new report on stablecoins powering on-chain lending. It‚Äôs a sign that RLUSD built for institutions, multi-chain, and regulation-ready is stepping beyond payments into real credit market infrastructure.‚Ä¶ pic.twitter.com/1Hngu5OD0A ‚Äî ùóïùóÆùóªùó∏XRP (@BankXRP) October 20, 2025 The report suggests that financial institutions are beginning to view these blockchain-based assets not merely as a means of transferring value, but as the building blocks of new credit architectures that operate continuously, without the constraints of legacy systems. Why Ripple‚Äôs RLUSD Inclusion Is a Landmark Development Among the stablecoins analyzed in Visa‚Äôs report are USDT, USDC, and Ripple‚Äôs RLUSD ‚Äî a lineup that signals a profound recognition of Ripple‚Äôs growing institutional footprint. RLUSD, launched by Ripple in late 2024, was designed as a regulation-ready, multi-chain stablecoin aimed at meeting the liquidity and compliance demands of global financial institutions. Its inclusion alongside market leaders USDT and USDC in Visa‚Äôs data set underscores that Ripple‚Äôs dollar-backed token is being treated as a legitimate participant in institutional credit markets. This distinction suggests that RLUSD has progressed far beyond its payments-oriented origins, moving into use cases such as treasury management, institutional settlement, and on-chain lending infrastructure. We are on X, follow us to connect with us :- @TimesTabloid1 ‚Äî TimesTabloid (@TimesTabloid1) June 15, 2025 As Visa frames it, the emergence of compliant, transparent stablecoins like RLUSD creates an environment in which financial institutions can safely integrate blockchain-based liquidity into their credit and risk management frameworks. BankXRP Draws Attention to Visa‚Äôs Recognition Crypto market commentator BankXRP was among the first to spotlight Visa‚Äôs mention of RLUSD on X. In their post, BankXRP highlighted how Visa‚Äôs decision to list RLUSD alongside industry heavyweights marks a pivotal step for Ripple, positioning the company to play a deeper role in credit market modernization. The observation quickly gained traction among XRP supporters and industry analysts, many of whom interpreted Visa‚Äôs acknowledgment as a sign that Ripple‚Äôs stablecoin is crossing into mainstream financial consciousness ‚Äî not just as a blockchain payment asset, but as a tool for real institutional liquidity. A Glimpse Into the Future of Credit Infrastructure Visa‚Äôs research envisions a world where tokenized dollars like RLUSD anchor a 24/7, automated lending ecosystem powered by programmable finance. With stablecoins serving as real-time collateral and settlement instruments, the traditional boundaries between payments, lending, and credit issuance could blur entirely. For Ripple, this development is validation that its strategy ‚Äî integrating compliance, liquidity, and interoperability into RLUSD ‚Äî is resonating with the very institutions that will define the next phase of digital finance. If adoption continues along this trajectory, Visa‚Äôs acknowledgment of RLUSD could mark the start of a broader institutional embrace, where Ripple‚Äôs technology becomes a cornerstone of how global credit truly moves. Disclaimer : This content is meant to inform and should not be considered financial advice. The views expressed in this article may include the author‚Äôs personal opinions and do not represent Times Tabloid‚Äôs opinion. Readers are urged to do in-depth research before making any investment decisions. Any action taken by the reader is strictly at their own risk. Times Tabloid is not responsible for any financial losses. Follow us on Twitter , Facebook , Telegram , and Google News The post Visa Highlights Ripple‚Äôs RLUSD Alongside USDC & USDT In New Report appeared first on Times Tabloid .",4919,Yes,https://resources.cryptocompare.com/news/67/default.png,0,0
53456954,Bitcoin Outlook: Uptober Fizzles as Correlations Break Down,2025-10-21 19:33:49,investing_comcryptoopinionandanalysis,https://www.investing.com/analysis/bitcoin-outlook-uptober-fizzles-as-correlations-break-down-200668846,BTC|CRYPTOCURRENCY,,EN,Investing.Com Crypto Opinion and Analysis,,0,Yes,https://resources.cryptocompare.com/news/107/default.png,0,0
53456955,Expert Says Evernorth Is Just 100% Bullish for XRP in Every Way,2025-10-21 19:33:26,thecryptobasic,https://thecryptobasic.com/2025/10/21/expert-says-evernorth-is-just-100-bullish-for-xrp-in-every-way/?utm_source=rss&utm_medium=rss&utm_campaign=expert-says-evernorth-is-just-100-bullish-for-xrp-in-every-way,MARKET|TRADING|XRP|CRYPTOCURRENCY,Market|Latest XRP (Ripple) News Today,EN,The Crypto Basic,"XRP community figure Nietzbux has described Ripple-backed Evernorth Holdings as a ‚Äúpure increase the price of XRP play.‚Äù To him, the initiative represents one of the strongest long-term signals yet for the asset. The remark comes amid excitement about Ripple‚Äôs expanding institutional ecosystem, which now includes Evernorth, GTreasury, Rail, and Hidden Road. Visit Website",373,Yes,https://resources.cryptocompare.com/news/65/53456955.jpeg,0,0
53456863,"Ethereum‚Äôs Tokenized Assets Surge Signals Potential Trillion-Dollar Future, Investor Predicts",2025-10-21 19:31:10,coinotag,https://en.coinotag.com/ethereums-tokenized-assets-surge-signals-potential-trillion-dollar-future-investor-predicts/,BTC|BUSINESS|ETH|FIAT|CRYPTOCURRENCY,News|BTC|ETH,EN,CoinOtag,"Ethereum‚Äôs tokenized gold holdings have doubled to over $2.7 billion since early 2025, signaling explosive growth in real-world assets (RWA) on the network. Venture partner Alvin Foo predicts this trend",202,Yes,https://resources.cryptocompare.com/news/77/53456863.jpeg,0,0
53456861,Malta Finance Minister Backs Rejection of $33M BNB Donation from Binance Over Reputational Concerns,2025-10-21 19:30:55,coinotag,https://en.coinotag.com/malta-finance-minister-backs-rejection-of-33m-bnb-donation-from-binance-over-reputational-concerns/,EXCHANGE|MARKET|BNB|CRYPTOCURRENCY,Analysis|News|BNB|SAGA,EN,CoinOtag,"Malta‚Äôs government-run charity rejected a $33 million Binance donation due to reputational concerns over the crypto exchange‚Äôs practices. Finance Minister Clyde Caruana supported the decision, emphasizing integrity in charitable contributions",242,Yes,https://resources.cryptocompare.com/news/77/53456861.jpeg,0,0
53456834,"Economist Explains The Reality Behind XRP Price Reaching $100,000, It Can‚Äôt Overtake Bitcoin",2025-10-21 19:30:32,newsbtc,https://www.newsbtc.com/analysis/xrp/xrp-price-100000-bitcoin/,BTC|MARKET|TRADING|XRP|CRYPTOCURRENCY,Bitcoin|XRP|bitcoin|Bitcoin news|bitcoin price|btc|BTC news|btc price|btcusd|BTCUSDT|Ripple|ripple news|xrp|xrp news|XRP Price|XRPUSD|xrpusdt,EN,NewsBTC,"Economist and former forex analyst Moonchaser is explaining why expectations of the XRP price reaching $100,000 are not realistic. According to Moonchaser, many XRP fans misunderstand how market value works by claiming that XRP has no market cap. The economist highlighted that XRP, like any other asset or cryptocurrency, is affected by supply, demand, and liquidity. Economist Explains The Reality Behind Price Reaching $100,000 Moonchaser, who studied economics and previously worked as a forex analyst, says that some people in the XRP community believe the token can reach extreme prices because they think it has ‚Äúno market cap.‚Äù This idea, Moonchaser explains, is built on a misunderstanding of how currencies are valued and traded in real-world markets. In their view, economic principles apply equally to all assets, whether they are fiat money, commodities, or digital tokens. Related Reading: Dogecoin 3rd Cycle Explosion: Analyst Revels The Only Difference From Last Two Cycles Using the U.S. dollar as an example, Moonchaser notes that every currency has a measurable total value based on the amount in circulation and its global trade. The dollar‚Äôs value changes daily because of the balance between supply, demand, and liquidity. The same rule applies to the XRP price, which also trades across international markets and follows the same market laws. It means that XRP‚Äôs price is not free from limits and cannot simply rise endlessly based on belief or community hype. Moonchaser stresses that ignoring these realities creates unrealistic expectations within the XRP community. According to them, calling XRP a ‚Äúcurrency‚Äù does not make it limitless in value; instead, XRP functions within the same market framework that governs all other financial assets. XRP Can‚Äôt Overtake Bitcoin Due To Market Structure In their post, Moonchaser further explains that market capitalization, which is price multiplied by circulating supply, applies to every form of tradable asset. Whether it‚Äôs fiat money, gold, or a digital coin, traders can always calculate the total market value. XRP is no exception to this rule. The economist points out that XRP has a measurable circulating supply and a price that moves through normal market discovery, where the balance between buyers and sellers directly determines its potential value, not wishful thinking. ‚ÄúCurrency does not mean a capless asset,‚Äù Moonchaser says, reminding traders that every market has structure and limits. Related Reading: Why The Dogecoin Price Could Still Hit A 600% Rally To Send It Above $1.5 Moonchaser emphasizes that their comments do not spread fear or negativity toward XRP. Instead, they want XRP investors to understand the realistic economic structure behind its price movement. XRP‚Äôs market position depends on measurable data, not speculation about infinite growth. The economist concludes that this is not FUD‚Äîit is simply market reality based on economics. Through this explanation, Moonchaser helps the XRP community see that price growth depends on genuine demand and market behavior, not dreams of capless value. While XRP continues to be an essential player in digital finance, the idea of it reaching $100,000 or surpassing Bitcoin remains far from economic reality. Featured image created with Dall.E, chart from Tradingview.com",3319,Yes,https://resources.cryptocompare.com/news/21/53456834.jpeg,0,0
53456866,Mantle drops 10% ‚Äì Can MNT bulls defend key $1.74 support?,2025-10-21 19:30:22,ambcrypto,https://ambcrypto.com/mantle-drops-10-can-mnt-bulls-defend-key-1-74-support/,ALTCOIN|MNT|CRYPTOCURRENCY,Altcoin|News|News 1|Social|Trading View,EN,AMB Crypto,"MNT drops over 10% after EMA rejection, but oversold RSI hints at a potential short-term correction.",100,Yes,https://images.cryptocompare.com/news/default/ambcrypto.png,0,0
53456826,"Crypto.com Enables USDC Transfers on Polkadot Asset Hub, Partners With SpiderTrader in Brazil and Travel Wallet in Korea",2025-10-21 19:28:30,coinotag,https://en.coinotag.com/crypto-com-enables-usdc-transfers-on-polkadot-asset-hub-partners-with-spidertrader-in-brazil-and-travel-wallet-in-korea/,ASIA|DOT|ETH|USDC|CRYPTOCURRENCY,Ethereum|News|DOT|ETH|KSM|USDC|WETH,EN,CoinOtag,"Crypto.com has enabled deposits and withdrawals of USDT and USDC via the Polkadot Asset Hub, a Layer 1 bridge for non-native tokens on Polkadot and Kusama. This enables direct cross‚Äëchain",187,Yes,https://resources.cryptocompare.com/news/77/53456826.jpeg,0,0
53450238,Coinbase buys crypto-investing platform Echo in $375M deal (update),2025-10-21 19:26:19,seekingalpha,https://seekingalpha.com/news/4505845-coinbase-buys-crypto-investing-platform-echo-in-375m-deal---report?utm_source=cryptocompare.com&utm_medium=referral&feed_item_type=news,BTC|BUSINESS|EXCHANGE|TRADING|CRYPTOCURRENCY,COIN,EN,Seeking Alpha,More on Coinbase Coinbase: A Bullish Year-End Could Spark A Multiple Expansion Coinbase: A Risky Bet As Trading Fervor Cools Down Coinbase: A Show-Me Story Under The New Regulatory Regime (Rating Downgrade) Coinbase unveils stablecoin payments service for businesses Coinbase launches US bitcoin yield fund for accredited investors,331,Yes,https://resources.cryptocompare.com/news/50/53450238.jpeg,0,0
53456662,Coinbase Delisting Triggers 17% Crash on This Popular Token,2025-10-21 19:25:00,utoday,https://u.today/coinbase-delisting-triggers-17-crash-of-this-popular-token,EXCHANGE|TRADING|CRYPTOCURRENCY,Coinbase,EN,U.Today,"Coinbase delists OMNI-Perp, sending the token's price down by 17%.",66,Yes,https://resources.cryptocompare.com/news/64/53456662.jpeg,0,0
53456628,XRP Holds Steady Against Bitcoin Amid Potential Breakout Signals,2025-10-21 19:24:11,coinotag,https://en.coinotag.com/xrp-holds-steady-against-bitcoin-amid-potential-breakout-signals/,BTC|MARKET|XRP|CRYPTOCURRENCY,Analysis|Bitcoin|News|Ripple|AUCTION|BTC|XRP,EN,CoinOtag,"XRP is maintaining a strong long-term structure against Bitcoin, with repeated bounces from key support at 0.00000967 BTC signaling potential for an upcoming breakout. Traders anticipate significant upward movement as",217,Yes,https://resources.cryptocompare.com/news/77/53456628.jpeg,0,0
53456630,Coinbase Makes Another Huge Cryptocurrency Move! Million Dollar Purchase Made!,2025-10-21 19:23:09,bitcoinsistemi,https://en.bitcoinsistemi.com/coinbase-makes-another-huge-cryptocurrency-move-million-dollar-purchase-made/,BTC|EXCHANGE|FIAT|TOKEN SALE|CRYPTOCURRENCY,Bitcoin|Exchange|News,EN,BitcoinSistemi,"Deals in the crypto sector have accelerated this year as the crypto-friendly Trump administration has encouraged companies to expand their businesses in the United States. At this point, the latest news came from Coinbase, the largest cryptocurrency exchange in the United States. Coinbase said today that it has acquired investment platform Echo in a cash-and-stock deal worth approximately $375 million and aims to bring fundraising tools to its platform. While the official statement came from Coinbase, Echo founder and online nickname Cobie, Jordan Fish, also confirmed the agreement on the social media platform X. Coinbase stated that the reason for investing in Echo was very simple and that by acquiring Echo, they wanted to create more accessible, efficient and transparent capital markets. Fish said Echo will remain a standalone platform under its existing branding for now, but he plans to integrate Echo's public token sale product, Sonar, into Coinbase. Coinbase explained that the deal will allow startups to secure custom-designed fundraising mechanisms tailored to their user bases and expand opportunities for investors to directly access early-stage projects. Coinbase also acquired a special NFT from Echo founder Jordan Fish for $25 million yesterday. Cobie had announced that if his ‚ÄúUp Only‚Äù NFT was purchased, he would resume his podcast, which he had paused since the FTX crash at the end of 2022. Coinbase has been attracting attention with its acquisitions this year. Its $2.9 billion acquisition of Deribit, the largest crypto derivatives exchange, has garnered considerable attention. Related News: JUST IN! Coinbase Announces Acquisition of Cryptocurrency Exchange Deribit! Here Are the Details... *This is not investment advice. Continue Reading: Coinbase Makes Another Huge Cryptocurrency Move! Million Dollar Purchase Made!",1857,Yes,https://resources.cryptocompare.com/news/81/53456630.jpeg,0,0
53456892,"Crypto.com launches USDT, USDC deposits and withdrawals on Polkadot Asset Hub",2025-10-21 19:20:13,cryptopolitan,https://www.cryptopolitan.com/crypto-com-enables-usdt-usdc-via-polkadot/,DOT|EXCHANGE|TRADING|USDT|USDC|CRYPTOCURRENCY,News|CRO|DOT|KRW|USDC|USDT,EN,Cryptopolitan,"Crypto.com has enabled deposits and withdrawals of USDT and USDC via the Polkadot Asset Hub, it announced early Tuesday morning through the X social platform. The Singapore-based exchange confirmed users can now transact stablecoins directly through Polkadot‚Äôs Asset Hub, the specialized parachain for transferring non-native tokens and creating NFTs using smart contracts. According to Polkadot‚Äôs website insight, the Asset Hub is a Layer 1 bridge for non-native tokens and an experimental ground for decentralized asset management. Crypto.com activates stablecoin Asset Hub transactions post-migration The announcement comes exactly three weeks after Binance supported Polkadot and its sister network Kusama to migrate from Layer 0 metaprotocols to Asset Hubs. Developers of the protocols explained that the transition helps users manage their assets in the Polkadot ecosystem effectively by improving compatibility for token issuers and DeFi platforms. Deposits and withdrawals of USDT and USDC via Polkadot Asset Hub have just been enabled on the https://t.co/vCNztATkNg App. Launch the App üëâ https://t.co/JsWd2MG4O7 @Polkadot pic.twitter.com/5n60RuURjh ‚Äî Crypto.com (@cryptocom) October 21, 2025 In the Polkadot Asset Hub, assets are categorized as either ‚Äúsufficient‚Äù or ‚Äúnon-sufficient‚Äù to determine if an account needs a native token balance to hold certain assets. A non-sufficient asset can only exist in an account that already has a minimum native balance, referred to as the Existential Deposit (ED). The threshold for Polkadot is 0.01 DOT, while on the Kusama Asset Hub, it is 0.000003333 KSM, both ten times smaller than the EDs on their respective Relay Chains. Sending a non-sufficient asset requires the recipient account to meet the ED requirement. On the other side, sufficient assets do not require the account to have any balance of the native token. Polkadot has mentioned that the first sufficient assets available on its Asset Hub are USDC and USDT, identified by asset IDs 1337 and 1984, respectively. Other assets available include Ethereum (ETH), wrapped Ether (wETH), Kusama (KSM), alongside foreign assets transferred via cross-chain bridges Snowbridge and Polkadot Kusama bridge. Asset Hub users are being asked to verify the authenticity of tokens before making any transactions, as anyone can create and name assets on the Asset Hub using similar names and try to defraud them. Crypto.com integrates service in Brazilian retail trading platform At the end of the previous business week, Crypto.com completed its integration with SpiderTrader, a Brazilian trading platform catering to thousands of active retail traders. The integration has made SpiderTrader the exchange‚Äôs first fully integrated broker in Brazil, granting the latter company access to Crypto.com‚Äôs trading engine on the SpiderTrader interface. ‚ÄúThis partnership with SpiderTrader marks an important step in our strategy to collaborate with regionally trusted platforms. Brazil and the wider LATAM region are vibrant markets for crypto adoption, and this integration allows us to better serve local users through trusted partnerships,‚Äù Karl Turner, Director at Crypto.com Exchange, said in a recent press briefing. Company activities continue in South Korea In other related news covered by Cryptopolitan, Crypto.com announced a Memorandum of Understanding (MoU) with South Korean fintech company Travel Wallet. Travel Wallet, founded in the year 2017, has garnered more than eight million users and provides multi-currency wallets and global payment cards services in over 40 fiat currencies. Under the agreement, Travel Wallet will become Crypto.com‚Äôs preferred issuing partner in South Korea, which will see it launch a co-branded prepaid card for users to spend both fiat and crypto globally. The companies will also collaborate on integrating Crypto.com‚Äôs ‚Äúcrypto-as-a-service‚Äù (CaaS) technology into the Travel Wallet app to trade and hold virtual assets directly within the platform. Crypto.com also mentioned that the collaboration will jointly promote Travel Wallet‚Äôs KRW-denominated stablecoin in both ecosystems and improve cross-border payment efficiency through fast and low-cost transactions. ‚ÄúTravel Wallet will build a unified payment ecosystem encompassing foreign currencies, cryptocurrencies, and stablecoins. This move is set to significantly elevate the global competitiveness of Korea‚Äôs fintech industry,‚Äù said CEO of Travel Wallet Kim Hyung-woo. Still within the Asian jurisdiction, the crypto trading platform revealed it will participate in the upcoming APEC CEO Summit Korea 2025 as the event‚Äôs official partner. The summit will take place in Gyeongju from October 28 to 31, where executives, policymakers, and KOLs will meet to discuss digital innovation, artificial intelligence, and economic trends. Sharpen your strategy with mentorship + daily ideas - 30 days free access to our trading program",4924,Yes,https://resources.cryptocompare.com/news/43/53456892.jpeg,0,0
53456489,Ethereum Trillion Dollar Prediction Issued as ETH Tokenized Gold Hits $2.7 Billion,2025-10-21 19:19:00,utoday,https://u.today/ethereum-trillion-dollar-prediction-issued-as-eth-tokenized-gold-hits-27-billion,ETH|FIAT|CRYPTOCURRENCY,Ethereum|ETH,EN,U.Today,"Tokenized Gold on the Ethereum network has surpassed $2.7 billion in a major milestone for the second largest cryptocurrency, doubling since the start of 2025.",159,Yes,https://resources.cryptocompare.com/news/64/53456489.jpeg,0,0
53456478,Internal Tensions Erupt Within Ethereum Foundation,2025-10-21 19:18:29,cointurken,https://en.coin-turk.com/internal-tensions-erupt-within-ethereum-foundation/,ETH|CRYPTOCURRENCY,Cryptocurrency Law|Ethereum (ETH),EN,CoinTurk News,"Conflict within Ethereum Foundation highlights pay disputes, drawing communal concern. Developers criticize leadership alignment, signaling the need for strategic recalibrations. Continue Reading: Internal Tensions Erupt Within Ethereum Foundation The post Internal Tensions Erupt Within Ethereum Foundation appeared first on COINTURK NEWS .",341,Yes,https://resources.cryptocompare.com/news/79/53456478.jpeg,0,0
53456524,Binance‚Äôs $33M charity gift becomes Malta‚Äôs political minefield,2025-10-21 19:17:45,cointelegraph,https://cointelegraph.com/news/binance-s-33m-charity-gift-becomes-malta-s-political-minefield?utm_source=rss_feed&utm_medium=rss%3Fcachebust%3Dtrue%26noCache%3Dtrue%26cb%3D4s76y1%26timestamp%3D1761054590787&utm_campaign=rss_partner_inbound,EXCHANGE|BNB|CRYPTOCURRENCY,,EN,Cointelegraph,Malta‚Äôs Finance Minister Clyde Caruana backed a government-run charity‚Äôs decision to reject a now $33 million Binance donation due to reputational concerns.,156,Yes,https://images.cryptocompare.com/news/default/cointelegraph.png,0,0
53456471,Strategy shares will go up if bitcoin goes up and won‚Äôt if it doesn‚Äôt: Citi,2025-10-21 19:17:11,financialtimes_crypto_,https://www.ft.com/content/c2c91673-6a18-4d33-a40c-595bff5c82c7,BTC|CRYPTOCURRENCY,,EN,Financial Times (Crypto),Saylor of the Century,21,Yes,https://resources.cryptocompare.com/news/102/default.png,0,0
53456391,Zcash Surge: Could It Fulfill Satoshi‚Äôs Vision for Privacy-Enhanced Bitcoin?,2025-10-21 19:16:14,coinotag,https://en.coinotag.com/zcash-surge-could-it-fulfill-satoshis-vision-for-privacy-enhanced-bitcoin/,BTC|MARKET|SOL|ZEC|CRYPTOCURRENCY,Analysis|News|BTC|Core|SOL|ZEC,EN,CoinOtag,"Zcash (ZEC) revives Satoshi Nakamoto‚Äôs vision for Bitcoin by implementing practical zero-knowledge proofs for enhanced privacy, as highlighted by Solana contributor Mert from Helius. This protocol-level privacy feature positions ZEC",232,Yes,https://resources.cryptocompare.com/news/77/53456391.jpeg,0,0
53456365,Coinbase Buys Blockchain Fundraising Platform Echo for $375 Million,2025-10-21 19:15:40,bitcoin.com,https://news.bitcoin.com/coinbase-buys-blockchain-fundraising-platform-echo-for-375-million/,BLOCKCHAIN|BUSINESS|EXCHANGE|CRYPTOCURRENCY,Crypto News|Acquisition|Coinbase,EN,Bitcoin.com,"Echo, a blockchain fundraising platform, has agreed to be acquired by Coinbase for roughly $375 million in cash and stock. Coinbase Boosts Onchain Fundraising With Echo Deal Coinbase Global (Nasdaq: COIN) has reached a deal to acquire Echo, a platform that enables crypto projects to raise capital directly onchain, for about $375 million, according to",352,Yes,https://resources.cryptocompare.com/news/14/53456365.jpeg,0,0
53456275,U.S. Banks Lag in $20B Argentina Loan Amid Possible USD Backing and Peso Stabilization,2025-10-21 19:13:30,coinotag,https://en.coinotag.com/u-s-banks-lag-in-20b-argentina-loan-amid-possible-usd-backing-and-peso-stabilization/,FIAT|MACROECONOMICS,News,EN,CoinOtag,Argentina peso stabilization refers to policy actions designed to halt the peso‚Äôs depreciation by expanding dollar liquidity and exchange-rate policy tools at the central bank. While a USD-backed swap and,204,Yes,https://resources.cryptocompare.com/news/77/53456275.jpeg,0,0
53456274,ETHFi‚Äôs 9% Decline Linked to User Outflows and Liquidity Squeeze,2025-10-21 19:13:15,coinotag,https://en.coinotag.com/ethfis-9-decline-linked-to-user-outflows-and-liquidity-squeeze/,ETH|UNI|CRYPTOCURRENCY,News|Core|ETH|UNI,EN,CoinOtag,"ETHFi‚Äôs recent 9% decline stems from a sharp drop in on-chain activity, with daily active users falling to 328‚Äîthe lowest since July 2025‚Äîand fees plunging by $98,000 in a single",178,Yes,https://resources.cryptocompare.com/news/77/53456274.jpeg,0,0
53423901,"21Shares files for Injective ETF, second such product in development",2025-10-21 19:12:08,investing_comcryptonews,https://www.investing.com/news/cryptocurrency-news/21shares-files-for-injective-etf-second-such-product-in-development-93CH-4297749,OTHER,,EN,Investing.com Crypto News,,0,Yes,https://resources.cryptocompare.com/news/106/default.png,0,0
53448897,Crypto Market Recovers as Liquidity Returns ‚Äî Pepeto Announces $700K Giveaway and 221% Staking Rewards,2025-10-21 19:12:08,investing_comcryptonews,https://www.investing.com/news/cryptocurrency-news/crypto-market-recovers-as-liquidity-returns--pepeto-announces-700k-giveaway-and-221-staking-rewards-4298546,MARKET,,EN,Investing.com Crypto News,,0,Yes,https://resources.cryptocompare.com/news/106/default.png,0,0
53456268,Coinbase Acquires Crypto Fundraising Platform Echo for $375 Million,2025-10-21 19:11:03,decrypt,https://decrypt.co/345168/coinbase-acquires-echo-375-million,EXCHANGE|TRADING|CRYPTOCURRENCY,Coins,EN,Decrypt,"The deal marks Coinbase's another major acquisition this year as it builds infrastructure spanning token creation, fundraising, and secondary trading.",150,Yes,https://resources.cryptocompare.com/news/44/53456268.jpeg,0,0
53416562,Whale.io Introduces Crock Dentist Game and Exclusive RWA NFT Collection,2025-10-21 19:10:36,investing_comcryptonews,https://www.investing.com/news/cryptocurrency-news/whaleio-introduces-crock-dentist-game-and-exclusive-rwa-nft-collection-4297493,OTHER,,EN,Investing.com Crypto News,,0,Yes,https://resources.cryptocompare.com/news/106/default.png,0,0
53419085,Blockchain for Good Alliance and UNDP AltFinLab Launch Blockchain Impact Forum,2025-10-21 19:10:36,investing_comcryptonews,https://www.investing.com/news/cryptocurrency-news/blockchain-for-good-alliance-and-undp-altfinlab-launch-blockchain-impact-forum-4297581,BLOCKCHAIN,,EN,Investing.com Crypto News,,0,Yes,https://resources.cryptocompare.com/news/106/default.png,0,0
53453241,"SharpLink Gaming raises ETH holdings to 859,853 tokens worth $3.5 billion",2025-10-21 19:08:34,investing_comcryptonews,https://www.investing.com/news/cryptocurrency-news/sharplink-gaming-raises-eth-holdings-to-859853-tokens-worth-35-billion-432SI-4298876,ETH|CRYPTOCURRENCY,,EN,Investing.com Crypto News,,0,Yes,https://resources.cryptocompare.com/news/106/default.png,0,0
53416564,Limitless Prediction Market Closes $10M Seed Round Ahead of LMTS Token Launch,2025-10-21 19:08:34,investing_comcryptonews,https://www.investing.com/news/cryptocurrency-news/limitless-prediction-market-closes-10m-seed-round-ahead-of-lmts-token-launch-4297492,MARKET|CRYPTOCURRENCY,,EN,Investing.com Crypto News,,0,Yes,https://resources.cryptocompare.com/news/106/default.png,0,0
53456540,U.S. banks stuck on collateral talks as $20 billion Argentina loan nears finalization,2025-10-21 19:08:33,cryptopolitan,https://www.cryptopolitan.com/u-s-banks-seek-collateral-argentina/,EXCHANGE|FIAT|MARKET|REGULATION|MACROECONOMICS|CRYPTOCURRENCY,Economy|ARS|Citi|IMF|JPMorgan|USD,EN,Cryptopolitan,"The cohort of banks, comprising Bank of America, Goldman Sachs, Citigroup, and JPMorgan Chase, are experiencing challenges in assembling a $20 billion loan to Argentina without exposing themselves to the financially troubled South American nation. On Monday, Argentina‚Äôs central bank announced it had inked a $20 billion exchange rate stabilization deal with the U.S. Treasury Department. The deal brought the total amount of U.S. assistance for the third-largest economy in Latin America to $40 billion. Argentina‚Äôs central bank stated, ‚ÄúThese operations will enable the Central Bank of the Argentinian Republic (BCRA) to broaden its range of monetary and exchange rate policy tools, including the liquidity of its foreign reserves.‚Äù U.S. banks stall Argentina‚Äôs $20 billion loan over collateral According to a WSJ report, the banks are looking for a pledge or guarantee to ensure they receive their money back. The report confirmed that bankers are awaiting word from the Treasury Department over what collateral Argentina can offer them or whether Washington intends to support the facility independently. In the report, analysts said that the banks cannot take action without Washington‚Äôs support. They claimed the Treasury has been overseeing the larger package, even though banks typically set up these kinds of rescue facilities on their own. The analysts argued that if the banks‚Äô collateral question is not answered, the lending facility, which hasn‚Äôt been formalized, might not come together. A U.S. Treasury spokesperson said, ‚Äúdiscussions on this facility remain ongoing, and we look forward to sharing more details when these talks are complete.‚Äù The report also revealed that U.S. banks haven‚Äôt been lending to Argentina and have been shut out of the international capital markets for years. Successive governments have borrowed dollars or printed money rather than cutting spending to narrow chronic budget gaps, leading to runaway inflation. The third-biggest economy in Latin America has missed nine sovereign debt payments, including three since 2000. The IMF has provided the Argentine government with more than 20 bailouts to close the gap since the 1950s. The bailouts include a facility that was agreed to earlier this year. U.S. Treasury intervenes to stabilize Argentina‚Äôs falling peso As previously reported by Cryptopolitan, U.S. Treasury Secretary Scott Bessent said in a statement that the Treasury had ‚Äúdirectly purchased Argentine pesos‚Äù as part of the program. Bessent stated that the peso‚Äôs decline and shrinking central bank foreign reserves have left the country in a ‚Äúmoment of acute illiquidity.‚Äù The Treasury secretary explained that the swap line would give Argentina immediate access to U.S. dollars in exchange for pesos. The Argentinian peso closed at a record low, down 1.7% on the day to end at 1,475 per dollar. Bessent admitted that the U.S. might suffer losses if the peso‚Äôs value declined during the swap period. The Treasury Secretary reassured policymakers that the USD-Peso exchange was being carried out via an Exchange Stabilization Fund under his direct supervision. Some nations, like Mexico, have pledged other assets to protect U.S. taxpayers in similar transactions. Brad Setser, the Whitney Shepardson senior fellow at the Council on Foreign Relations (CFR), stated that the peso is steadily losing value. He added that the peso could continue to decline if the IMF compels the government to allow it to float and have its price determined by market forces freely. ‚ÄúThe risks from these operations are unusually large. Should the peso depreciate, which many think is not only likely but necessary, the Treasury would be left holding assets that have fallen in value.‚Äù ‚Äì Brad Setser , Whitney Shepardson, senior fellow at the Council on Foreign Relations (CFR). Argentina‚Äôs currency is down 30% against the dollar this year. The currency depreciated further on Monday as Argentines braced for economic instability risks ahead of Sunday‚Äôs midterm elections. Don‚Äôt just read crypto news. Understand it. Subscribe to our newsletter. It's free .",4098,Yes,https://resources.cryptocompare.com/news/43/53456540.jpeg,0,0
53456164,"Fake social media accounts: The rise of Cointelegraph impersonators, explained",2025-10-21 19:07:03,cointelegraph,https://cointelegraph.com/news/fake-social-media-accounts-the-rise-of-cointelegraph-impersonators-explained?utm_source=rss_feed&utm_medium=rss%3Fcachebust%3Dtrue%26_nocache%3D1761053850530%26r%3Dqynjqx&utm_campaign=rss_partner_inbound,CRYPTOCURRENCY,,EN,Cointelegraph,"Fake ‚ÄúCointelegraph‚Äù accounts are scamming crypto users. Learn how to spot impostors, verify identities and stay protected in 2025.",131,Yes,https://images.cryptocompare.com/news/default/cointelegraph.png,0,0
53456025,XRP ETF Key Deadlines That Could Drive Altcoin Market This Week,2025-10-21 19:05:40,timestabloid,https://timestabloid.com/xrp-etf-key-deadlines-that-could-drive-altcoin-market-market-this-week/,ALTCOIN|MARKET|TRADING|XRP|CRYPTOCURRENCY,Cryptocurrency|News|XRP|XRP ETF,EN,TimesTabloid,"A series of approaching deadlines for XRP-related ETF applications has placed regulatory timing back into focus for digital asset observers. Coin Bureau shared a timetable showing when several asset managers are set to receive decisions or further action on their filings, presenting a clustered window that could carry broader implications for institutional accessibility to XRP. Key Dates for Major Applicants The schedule outlines a sequence beginning with Grayscale on October 18, followed by 21Shares on October 19, and Bitwise on October 20. Canary Capital is listed for October 23, WisdomTree for October 25, and Franklin Templeton on November 14. This succession of dates underscores how multiple firms are seeking to formalize XRP exposure through regulated investment products, concentrating attention on how the regulatory landscape may respond within a short timeframe. THIS WEEK COULD BE BIG! Will ETF approvals move the altcoin market? pic.twitter.com/K9Ynq4nx5r ‚Äî Coin Bureau (@coinbureau) October 19, 2025 Institutional Access and Regulatory Considerations The timing of these filings has prompted commentary around the potential impact of approvals, particularly in the context of broader market conditions and procedural constraints. One observer noted concerns regarding the disruption of government activity, suggesting that administrative delays could influence the outcome. Another pointed out that while ETF approvals may not drive immediate market surges, they play a significant role in shaping credibility. By offering structured, compliant investment vehicles, ETFs can increase confidence among institutional participants and create pathways for larger capital inflows over time . We are on X, follow us to connect with us :- @TimesTabloid1 ‚Äî TimesTabloid (@TimesTabloid1) June 15, 2025 What These Filings Represent While price speculation often surrounds ETF discussions, the underlying significance lies in formal market integration. Approval of such products would indicate recognition of XRP as an asset suitable for regulated markets, expanding its reach beyond retail access. Even if prices are not moved immediately, the presence of multiple prominent asset managers pursuing similar products signals sustained institutional interest. Each deadline will serve as a reference point for gauging regulatory posture and appetite for new digital asset offerings. Focus Shifts to Regulatory Outcomes With six distinct dates now clearly outlined, attention will turn to how decision-makers approach these applications. Whether approvals, delays, or requests for additional information are issued, each response will contribute to the broader narrative around digital asset legitimacy in traditional financial infrastructure. For observers, these developments are less about rapid price reaction and more about the long-term framework being built around institutional engagement with XRP. Disclaimer : This content is meant to inform and should not be considered financial advice. The views expressed in this article may include the author‚Äôs personal opinions and do not represent Times Tabloid‚Äôs opinion. Readers are advised to conduct thorough research before making any investment decisions. Any action taken by the reader is strictly at their own risk. Times Tabloid is not responsible for any financial losses. Follow us on X , Facebook , Telegram , and Google News The post XRP ETF Key Deadlines That Could Drive Altcoin Market This Week appeared first on Times Tabloid .",3504,Yes,https://resources.cryptocompare.com/news/67/default.png,0,0
53446251,Stock market opens as largely flat investors assess earnings,2025-10-21 19:03:49,seekingalpha,https://seekingalpha.com/news/4505813-sp500-nasdaq-dow-jones-outlook-stock-market?utm_source=cryptocompare.com&utm_medium=referral&feed_item_type=news,BUSINESS|MARKET|TRADING,SP500|DJI|COMP:IND|US10Y|US2Y,EN,Seeking Alpha,"More on markets However AI Turns Out, The S&P 500 Is A Short Events Last Week Strongly Suggest A Rally To The End Of The Year Chart Of The Day: These Sectors Should Drive Q3 Profit Growth S&P 500 clocks strongest Q3 performance since 2020",238,Yes,https://resources.cryptocompare.com/news/50/53446251.jpeg,0,0
